employee_id,date,body
322718,"Sat, 21 Aug 2021 21:33:31 -0700","We have detected potentially compromised Service Account credentials associated with your Google Cloud Platform account. MY CONSOLE Suspicious Activity Alert Reminder, Potentially compromised"
322718,"Wed, 18 Aug 2021 21:33:28 -0700",We have detected potentially compromised Service Account credentials associated with your Google Cloud Platform account. MY CONSOLE Suspicious Activity Alert Potentially compromised credentials for
212,"Mon, 16 Aug 2021 11:19:12 -0700","To begin with, your interview preparations Enhance your Data Structures concepts with the Python DS Course. And to begin with your Machine Learning Journey, join the Machine Learning – Basic Level"
212262,"Mon, 16 Aug 2021 11:08:22 -0700","What Does Paraphrasing Tool Do? · Paraphrasing-Tool uses intelligent, decision making software to figure out the most appropriate way to reword, or paraphrase,"
212262,"Mon, 16 Aug 2021 11:06:02 -0700","Contrary to popular belief, Lorem Ipsum is not simply random text. It has roots in a piece of classical Latin literature from 45 BC, making it over 2000 years old. Richard McClintock, a Latin professor"
21-226-1222,"Mon, 16 Aug 2021 11:05:07 -0700","There are many variations of passages of Lorem Ipsum available, but the majority have suffered alteration in some form, by injected humour, or randomised words which don&#39;t look even slightly"
21-2262,"Mon, 16 Aug 2021 11:02:29 -0700","Lorem Ipsum is simply dummy text of the printing and typesetting industry. Lorem Ipsum has been the industry&#39;s standard dummy text ever since the 1500s, when an unknown printer took a galley of"
212262,"Sun, 15 Aug 2021 09:23:39 -0700",
322718,"Sat, 28 Aug 2021 21:33:33 -0700","We have detected potentially compromised Service Account credentials associated with your Google Cloud Platform account. MY CONSOLE Suspicious Activity Alert Reminder, Potentially compromised"
322718,"Sat, 21 Aug 2021 21:33:31 -0700","We have detected potentially compromised Service Account credentials associated with your Google Cloud Platform account. MY CONSOLE Suspicious Activity Alert Reminder, Potentially compromised"
322718,"Wed, 18 Aug 2021 21:33:28 -0700",We have detected potentially compromised Service Account credentials associated with your Google Cloud Platform account. MY CONSOLE Suspicious Activity Alert Potentially compromised credentials for
322718,"Sat, 28 Aug 2021 21:33:33 -0700","We have detected potentially compromised Service Account credentials associated with your Google Cloud Platform account. MY CONSOLE Suspicious Activity Alert Reminder, Potentially compromised"
322718,"Sat, 21 Aug 2021 21:33:31 -0700","We have detected potentially compromised Service Account credentials associated with your Google Cloud Platform account. MY CONSOLE Suspicious Activity Alert Reminder, Potentially compromised"
322718,"Wed, 18 Aug 2021 21:33:28 -0700",We have detected potentially compromised Service Account credentials associated with your Google Cloud Platform account. MY CONSOLE Suspicious Activity Alert Potentially compromised credentials for
212,"Mon, 16 Aug 2021 11:19:12 -0700","To begin with, your interview preparations Enhance your Data Structures concepts with the Python DS Course. And to begin with your Machine Learning Journey, join the Machine Learning – Basic Level"
212262,"Mon, 16 Aug 2021 11:08:22 -0700","What Does Paraphrasing Tool Do? · Paraphrasing-Tool uses intelligent, decision making software to figure out the most appropriate way to reword, or paraphrase,"
212262,"Mon, 16 Aug 2021 11:06:02 -0700","Contrary to popular belief, Lorem Ipsum is not simply random text. It has roots in a piece of classical Latin literature from 45 BC, making it over 2000 years old. Richard McClintock, a Latin professor"
21-226-1222,"Mon, 16 Aug 2021 11:05:07 -0700","There are many variations of passages of Lorem Ipsum available, but the majority have suffered alteration in some form, by injected humour, or randomised words which don&#39;t look even slightly"
21-2262,"Mon, 16 Aug 2021 11:02:29 -0700","Lorem Ipsum is simply dummy text of the printing and typesetting industry. Lorem Ipsum has been the industry&#39;s standard dummy text ever since the 1500s, when an unknown printer took a galley of"
212262,"Sun, 15 Aug 2021 09:23:39 -0700",
322718,"Sat, 28 Aug 2021 21:33:33 -0700","We have detected potentially compromised Service Account credentials associated with your Google Cloud Platform account. MY CONSOLE Suspicious Activity Alert Reminder, Potentially compromised"
322718,"Sat, 21 Aug 2021 21:33:31 -0700","We have detected potentially compromised Service Account credentials associated with your Google Cloud Platform account. MY CONSOLE Suspicious Activity Alert Reminder, Potentially compromised"
322718,"Wed, 18 Aug 2021 21:33:28 -0700",We have detected potentially compromised Service Account credentials associated with your Google Cloud Platform account. MY CONSOLE Suspicious Activity Alert Potentially compromised credentials for
212,"Mon, 16 Aug 2021 11:19:12 -0700","To begin with, your interview preparations Enhance your Data Structures concepts with the Python DS Course. And to begin with your Machine Learning Journey, join the Machine Learning – Basic Level"
212262,"Mon, 16 Aug 2021 11:08:22 -0700","What Does Paraphrasing Tool Do? · Paraphrasing-Tool uses intelligent, decision making software to figure out the most appropriate way to reword, or paraphrase,"
212262,"Mon, 16 Aug 2021 11:06:02 -0700","Contrary to popular belief, Lorem Ipsum is not simply random text. It has roots in a piece of classical Latin literature from 45 BC, making it over 2000 years old. Richard McClintock, a Latin professor"
21-226-1222,"Mon, 16 Aug 2021 11:05:07 -0700","There are many variations of passages of Lorem Ipsum available, but the majority have suffered alteration in some form, by injected humour, or randomised words which don&#39;t look even slightly"
21-2262,"Mon, 16 Aug 2021 11:02:29 -0700","Lorem Ipsum is simply dummy text of the printing and typesetting industry. Lorem Ipsum has been the industry&#39;s standard dummy text ever since the 1500s, when an unknown printer took a galley of"
212262,"Sun, 15 Aug 2021 09:23:39 -0700",
322718,"Sat, 28 Aug 2021 21:33:33 -0700","We have detected potentially compromised Service Account credentials associated with your Google Cloud Platform account. MY CONSOLE Suspicious Activity Alert Reminder, Potentially compromised"
322718,"Sat, 21 Aug 2021 21:33:31 -0700","We have detected potentially compromised Service Account credentials associated with your Google Cloud Platform account. MY CONSOLE Suspicious Activity Alert Reminder, Potentially compromised"
322718,"Wed, 18 Aug 2021 21:33:28 -0700",We have detected potentially compromised Service Account credentials associated with your Google Cloud Platform account. MY CONSOLE Suspicious Activity Alert Potentially compromised credentials for
212,"Mon, 16 Aug 2021 11:19:12 -0700","To begin with, your interview preparations Enhance your Data Structures concepts with the Python DS Course. And to begin with your Machine Learning Journey, join the Machine Learning – Basic Level"
212262,"Mon, 16 Aug 2021 11:08:22 -0700","What Does Paraphrasing Tool Do? · Paraphrasing-Tool uses intelligent, decision making software to figure out the most appropriate way to reword, or paraphrase,"
212262,"Mon, 16 Aug 2021 11:06:02 -0700","Contrary to popular belief, Lorem Ipsum is not simply random text. It has roots in a piece of classical Latin literature from 45 BC, making it over 2000 years old. Richard McClintock, a Latin professor"
21-226-1222,"Mon, 16 Aug 2021 11:05:07 -0700","There are many variations of passages of Lorem Ipsum available, but the majority have suffered alteration in some form, by injected humour, or randomised words which don&#39;t look even slightly"
21-2262,"Mon, 16 Aug 2021 11:02:29 -0700","Lorem Ipsum is simply dummy text of the printing and typesetting industry. Lorem Ipsum has been the industry&#39;s standard dummy text ever since the 1500s, when an unknown printer took a galley of"
212262,"Sun, 15 Aug 2021 09:23:39 -0700",
322718,"Sat, 28 Aug 2021 21:33:33 -0700","We have detected potentially compromised Service Account credentials associated with your Google Cloud Platform account. MY CONSOLE Suspicious Activity Alert Reminder, Potentially compromised"
322718,"Sat, 21 Aug 2021 21:33:31 -0700","We have detected potentially compromised Service Account credentials associated with your Google Cloud Platform account. MY CONSOLE Suspicious Activity Alert Reminder, Potentially compromised"
322718,"Wed, 18 Aug 2021 21:33:28 -0700",We have detected potentially compromised Service Account credentials associated with your Google Cloud Platform account. MY CONSOLE Suspicious Activity Alert Potentially compromised credentials for
212,"Mon, 16 Aug 2021 11:19:12 -0700","To begin with, your interview preparations Enhance your Data Structures concepts with the Python DS Course. And to begin with your Machine Learning Journey, join the Machine Learning – Basic Level"
212262,"Mon, 16 Aug 2021 11:08:22 -0700","What Does Paraphrasing Tool Do? · Paraphrasing-Tool uses intelligent, decision making software to figure out the most appropriate way to reword, or paraphrase,"
212262,"Mon, 16 Aug 2021 11:06:02 -0700","Contrary to popular belief, Lorem Ipsum is not simply random text. It has roots in a piece of classical Latin literature from 45 BC, making it over 2000 years old. Richard McClintock, a Latin professor"
21-226-1222,"Mon, 16 Aug 2021 11:05:07 -0700","There are many variations of passages of Lorem Ipsum available, but the majority have suffered alteration in some form, by injected humour, or randomised words which don&#39;t look even slightly"
21-2262,"Mon, 16 Aug 2021 11:02:29 -0700","Lorem Ipsum is simply dummy text of the printing and typesetting industry. Lorem Ipsum has been the industry&#39;s standard dummy text ever since the 1500s, when an unknown printer took a galley of"
212262,"Sun, 15 Aug 2021 09:23:39 -0700",
322718,"Sat, 28 Aug 2021 21:33:33 -0700","We have detected potentially compromised Service Account credentials associated with your Google Cloud Platform account. MY CONSOLE Suspicious Activity Alert Reminder, Potentially compromised"
322718,"Sat, 21 Aug 2021 21:33:31 -0700","We have detected potentially compromised Service Account credentials associated with your Google Cloud Platform account. MY CONSOLE Suspicious Activity Alert Reminder, Potentially compromised"
322718,"Wed, 18 Aug 2021 21:33:28 -0700",We have detected potentially compromised Service Account credentials associated with your Google Cloud Platform account. MY CONSOLE Suspicious Activity Alert Potentially compromised credentials for
212,"Mon, 16 Aug 2021 11:19:12 -0700","To begin with, your interview preparations Enhance your Data Structures concepts with the Python DS Course. And to begin with your Machine Learning Journey, join the Machine Learning – Basic Level"
212262,"Mon, 16 Aug 2021 11:08:22 -0700","What Does Paraphrasing Tool Do? · Paraphrasing-Tool uses intelligent, decision making software to figure out the most appropriate way to reword, or paraphrase,"
212262,"Mon, 16 Aug 2021 11:06:02 -0700","Contrary to popular belief, Lorem Ipsum is not simply random text. It has roots in a piece of classical Latin literature from 45 BC, making it over 2000 years old. Richard McClintock, a Latin professor"
21-226-1222,"Mon, 16 Aug 2021 11:05:07 -0700","There are many variations of passages of Lorem Ipsum available, but the majority have suffered alteration in some form, by injected humour, or randomised words which don&#39;t look even slightly"
21-2262,"Mon, 16 Aug 2021 11:02:29 -0700","Lorem Ipsum is simply dummy text of the printing and typesetting industry. Lorem Ipsum has been the industry&#39;s standard dummy text ever since the 1500s, when an unknown printer took a galley of"
212262,"Sun, 15 Aug 2021 09:23:39 -0700",
322718,"Sat, 28 Aug 2021 21:33:33 -0700","We have detected potentially compromised Service Account credentials associated with your Google Cloud Platform account. MY CONSOLE Suspicious Activity Alert Reminder, Potentially compromised"
322718,"Sat, 21 Aug 2021 21:33:31 -0700","We have detected potentially compromised Service Account credentials associated with your Google Cloud Platform account. MY CONSOLE Suspicious Activity Alert Reminder, Potentially compromised"
322718,"Wed, 18 Aug 2021 21:33:28 -0700",We have detected potentially compromised Service Account credentials associated with your Google Cloud Platform account. MY CONSOLE Suspicious Activity Alert Potentially compromised credentials for
212,"Mon, 16 Aug 2021 11:19:12 -0700","To begin with, your interview preparations Enhance your Data Structures concepts with the Python DS Course. And to begin with your Machine Learning Journey, join the Machine Learning – Basic Level"
212262,"Mon, 16 Aug 2021 11:08:22 -0700","What Does Paraphrasing Tool Do? · Paraphrasing-Tool uses intelligent, decision making software to figure out the most appropriate way to reword, or paraphrase,"
212262,"Mon, 16 Aug 2021 11:06:02 -0700","Contrary to popular belief, Lorem Ipsum is not simply random text. It has roots in a piece of classical Latin literature from 45 BC, making it over 2000 years old. Richard McClintock, a Latin professor"
21-226-1222,"Mon, 16 Aug 2021 11:05:07 -0700","There are many variations of passages of Lorem Ipsum available, but the majority have suffered alteration in some form, by injected humour, or randomised words which don&#39;t look even slightly"
21-2262,"Mon, 16 Aug 2021 11:02:29 -0700","Lorem Ipsum is simply dummy text of the printing and typesetting industry. Lorem Ipsum has been the industry&#39;s standard dummy text ever since the 1500s, when an unknown printer took a galley of"
212262,"Sun, 15 Aug 2021 09:23:39 -0700",
322718,"Sat, 28 Aug 2021 21:33:33 -0700","We have detected potentially compromised Service Account credentials associated with your Google Cloud Platform account. MY CONSOLE Suspicious Activity Alert Reminder, Potentially compromised"
322718,"Sat, 21 Aug 2021 21:33:31 -0700","We have detected potentially compromised Service Account credentials associated with your Google Cloud Platform account. MY CONSOLE Suspicious Activity Alert Reminder, Potentially compromised"
322718,"Wed, 18 Aug 2021 21:33:28 -0700",We have detected potentially compromised Service Account credentials associated with your Google Cloud Platform account. MY CONSOLE Suspicious Activity Alert Potentially compromised credentials for
212,"Mon, 16 Aug 2021 11:19:12 -0700","To begin with, your interview preparations Enhance your Data Structures concepts with the Python DS Course. And to begin with your Machine Learning Journey, join the Machine Learning – Basic Level"
212262,"Mon, 16 Aug 2021 11:08:22 -0700","What Does Paraphrasing Tool Do? · Paraphrasing-Tool uses intelligent, decision making software to figure out the most appropriate way to reword, or paraphrase,"
212262,"Mon, 16 Aug 2021 11:06:02 -0700","Contrary to popular belief, Lorem Ipsum is not simply random text. It has roots in a piece of classical Latin literature from 45 BC, making it over 2000 years old. Richard McClintock, a Latin professor"
21-226-1222,"Mon, 16 Aug 2021 11:05:07 -0700","There are many variations of passages of Lorem Ipsum available, but the majority have suffered alteration in some form, by injected humour, or randomised words which don&#39;t look even slightly"
21-2262,"Mon, 16 Aug 2021 11:02:29 -0700","Lorem Ipsum is simply dummy text of the printing and typesetting industry. Lorem Ipsum has been the industry&#39;s standard dummy text ever since the 1500s, when an unknown printer took a galley of"
212262,"Sun, 15 Aug 2021 09:23:39 -0700",
322718,"Sat, 28 Aug 2021 21:33:33 -0700","We have detected potentially compromised Service Account credentials associated with your Google Cloud Platform account. MY CONSOLE Suspicious Activity Alert Reminder, Potentially compromised"
322718,"Sat, 21 Aug 2021 21:33:31 -0700","We have detected potentially compromised Service Account credentials associated with your Google Cloud Platform account. MY CONSOLE Suspicious Activity Alert Reminder, Potentially compromised"
322718,"Wed, 18 Aug 2021 21:33:28 -0700",We have detected potentially compromised Service Account credentials associated with your Google Cloud Platform account. MY CONSOLE Suspicious Activity Alert Potentially compromised credentials for
212,"Mon, 16 Aug 2021 11:19:12 -0700","To begin with, your interview preparations Enhance your Data Structures concepts with the Python DS Course. And to begin with your Machine Learning Journey, join the Machine Learning – Basic Level"
212262,"Mon, 16 Aug 2021 11:08:22 -0700","What Does Paraphrasing Tool Do? · Paraphrasing-Tool uses intelligent, decision making software to figure out the most appropriate way to reword, or paraphrase,"
212262,"Mon, 16 Aug 2021 11:06:02 -0700","Contrary to popular belief, Lorem Ipsum is not simply random text. It has roots in a piece of classical Latin literature from 45 BC, making it over 2000 years old. Richard McClintock, a Latin professor"
21-226-1222,"Mon, 16 Aug 2021 11:05:07 -0700","There are many variations of passages of Lorem Ipsum available, but the majority have suffered alteration in some form, by injected humour, or randomised words which don&#39;t look even slightly"
21-2262,"Mon, 16 Aug 2021 11:02:29 -0700","Lorem Ipsum is simply dummy text of the printing and typesetting industry. Lorem Ipsum has been the industry&#39;s standard dummy text ever since the 1500s, when an unknown printer took a galley of"
212262,"Sun, 15 Aug 2021 09:23:39 -0700",
322718,"Sat, 28 Aug 2021 21:33:33 -0700","We have detected potentially compromised Service Account credentials associated with your Google Cloud Platform account. MY CONSOLE Suspicious Activity Alert Reminder, Potentially compromised"
322718,"Sat, 21 Aug 2021 21:33:31 -0700","We have detected potentially compromised Service Account credentials associated with your Google Cloud Platform account. MY CONSOLE Suspicious Activity Alert Reminder, Potentially compromised"
322718,"Wed, 18 Aug 2021 21:33:28 -0700",We have detected potentially compromised Service Account credentials associated with your Google Cloud Platform account. MY CONSOLE Suspicious Activity Alert Potentially compromised credentials for
212,"Mon, 16 Aug 2021 11:19:12 -0700","To begin with, your interview preparations Enhance your Data Structures concepts with the Python DS Course. And to begin with your Machine Learning Journey, join the Machine Learning – Basic Level"
212262,"Mon, 16 Aug 2021 11:08:22 -0700","What Does Paraphrasing Tool Do? · Paraphrasing-Tool uses intelligent, decision making software to figure out the most appropriate way to reword, or paraphrase,"
212262,"Mon, 16 Aug 2021 11:06:02 -0700","Contrary to popular belief, Lorem Ipsum is not simply random text. It has roots in a piece of classical Latin literature from 45 BC, making it over 2000 years old. Richard McClintock, a Latin professor"
21-226-1222,"Mon, 16 Aug 2021 11:05:07 -0700","There are many variations of passages of Lorem Ipsum available, but the majority have suffered alteration in some form, by injected humour, or randomised words which don&#39;t look even slightly"
21-2262,"Mon, 16 Aug 2021 11:02:29 -0700","Lorem Ipsum is simply dummy text of the printing and typesetting industry. Lorem Ipsum has been the industry&#39;s standard dummy text ever since the 1500s, when an unknown printer took a galley of"
212262,"Sun, 15 Aug 2021 09:23:39 -0700",
322718,"Sat, 28 Aug 2021 21:33:33 -0700","We have detected potentially compromised Service Account credentials associated with your Google Cloud Platform account. MY CONSOLE Suspicious Activity Alert Reminder, Potentially compromised"
322718,"Sat, 21 Aug 2021 21:33:31 -0700","We have detected potentially compromised Service Account credentials associated with your Google Cloud Platform account. MY CONSOLE Suspicious Activity Alert Reminder, Potentially compromised"
322718,"Wed, 18 Aug 2021 21:33:28 -0700",We have detected potentially compromised Service Account credentials associated with your Google Cloud Platform account. MY CONSOLE Suspicious Activity Alert Potentially compromised credentials for
212,"Mon, 16 Aug 2021 11:19:12 -0700","To begin with, your interview preparations Enhance your Data Structures concepts with the Python DS Course. And to begin with your Machine Learning Journey, join the Machine Learning – Basic Level"
212262,"Mon, 16 Aug 2021 11:08:22 -0700","What Does Paraphrasing Tool Do? · Paraphrasing-Tool uses intelligent, decision making software to figure out the most appropriate way to reword, or paraphrase,"
212262,"Mon, 16 Aug 2021 11:06:02 -0700","Contrary to popular belief, Lorem Ipsum is not simply random text. It has roots in a piece of classical Latin literature from 45 BC, making it over 2000 years old. Richard McClintock, a Latin professor"
21-226-1222,"Mon, 16 Aug 2021 11:05:07 -0700","There are many variations of passages of Lorem Ipsum available, but the majority have suffered alteration in some form, by injected humour, or randomised words which don&#39;t look even slightly"
21-2262,"Mon, 16 Aug 2021 11:02:29 -0700","Lorem Ipsum is simply dummy text of the printing and typesetting industry. Lorem Ipsum has been the industry&#39;s standard dummy text ever since the 1500s, when an unknown printer took a galley of"
212262,"Sun, 15 Aug 2021 09:23:39 -0700",
322718,"Sat, 28 Aug 2021 21:33:33 -0700","We have detected potentially compromised Service Account credentials associated with your Google Cloud Platform account. MY CONSOLE Suspicious Activity Alert Reminder, Potentially compromised"
322718,"Sat, 21 Aug 2021 21:33:31 -0700","We have detected potentially compromised Service Account credentials associated with your Google Cloud Platform account. MY CONSOLE Suspicious Activity Alert Reminder, Potentially compromised"
322718,"Wed, 18 Aug 2021 21:33:28 -0700",We have detected potentially compromised Service Account credentials associated with your Google Cloud Platform account. MY CONSOLE Suspicious Activity Alert Potentially compromised credentials for
212,"Mon, 16 Aug 2021 11:19:12 -0700","To begin with, your interview preparations Enhance your Data Structures concepts with the Python DS Course. And to begin with your Machine Learning Journey, join the Machine Learning – Basic Level"
212262,"Mon, 16 Aug 2021 11:08:22 -0700","What Does Paraphrasing Tool Do? · Paraphrasing-Tool uses intelligent, decision making software to figure out the most appropriate way to reword, or paraphrase,"
212262,"Mon, 16 Aug 2021 11:06:02 -0700","Contrary to popular belief, Lorem Ipsum is not simply random text. It has roots in a piece of classical Latin literature from 45 BC, making it over 2000 years old. Richard McClintock, a Latin professor"
21-226-1222,"Mon, 16 Aug 2021 11:05:07 -0700","There are many variations of passages of Lorem Ipsum available, but the majority have suffered alteration in some form, by injected humour, or randomised words which don&#39;t look even slightly"
21-2262,"Mon, 16 Aug 2021 11:02:29 -0700","Lorem Ipsum is simply dummy text of the printing and typesetting industry. Lorem Ipsum has been the industry&#39;s standard dummy text ever since the 1500s, when an unknown printer took a galley of"
212262,"Sun, 15 Aug 2021 09:23:39 -0700",
